,Bowler,Overs,Maidens,Runs,Wickets,Economy,Dot Balls,Fours,Sixes,Wide,No Balls
0,Maheesh Theekshana,4,0,23,1,5.75,7,0,0,2,0
1,Dushmantha Chameera,4,0,39,1,9.75,6,3,1,2,0
2,Pramod Madushan,4,0,37,2,9.25,6,3,1,0,0
3,Chamika Karunaratne,4,0,36,1,9.00,7,3,1,1,0
4,Wanindu Hasaranga de Silva,4,0,27,1,6.75,8,1,1,0,0
5,Maheesh Theekshana,4,0,23,1,5.75,7,0,0,2,0
6,Dushmantha Chameera,4,0,39,1,9.75,6,3,1,2,0
7,Pramod Madushan,4,0,37,2,9.25,6,3,1,0,0
8,Chamika Karunaratne,4,0,36,1,9.00,7,3,1,1,0
9,Wanindu Hasaranga de Silva,4,0,27,1,6.75,8,1,1,0,0
10,Fred Klaassen,4,0,13,2,3.25,18,0,0,3,0
11,Tim Pringle,4,0,13,1,3.25,11,0,0,0,0
12,Logan van Beek,2,0,19,0,9.50,5,0,2,1,0
13,Bas de Leede,3,0,19,3,6.33,9,2,0,2,0
14,Paul van Meekeren,4,0,21,0,5.25,11,1,0,0,0
15,Roelof van der Merwe,3,0,19,1,6.33,7,0,1,0,0
16,Fred Klaassen,4,0,13,2,3.25,18,0,0,3,0
17,Tim Pringle,4,0,13,1,3.25,11,0,0,0,0
18,Logan van Beek,2,0,19,0,9.50,5,0,2,1,0
19,Bas de Leede,3,0,19,3,6.33,9,2,0,2,0
20,Paul van Meekeren,4,0,21,0,5.25,11,1,0,0,0
21,Roelof van der Merwe,3,0,19,1,6.33,7,0,1,0,0
22,Kyle Mayers,2,0,24,0,12.00,5,5,0,2,0
23,Akeal Hosein,4,0,31,0,7.75,8,2,1,0,0
24,Alzarri Joseph,4,0,28,2,7.00,9,3,0,2,0
25,Obed McCoy,3,0,25,0,8.33,6,4,0,0,0
26,Jason Holder,3,0,14,2,4.66,8,1,0,0,0
27,Odean Smith,4,0,31,1,7.75,6,3,0,1,0
28,Kyle Mayers,2,0,24,0,12.00,5,5,0,2,0
29,Akeal Hosein,4,0,31,0,7.75,8,2,1,0,0
30,Alzarri Joseph,4,0,28,2,7.00,9,3,0,2,0
31,Obed McCoy,3,0,25,0,8.33,6,4,0,0,0
32,Jason Holder,3,0,14,2,4.66,8,1,0,0,0
33,Odean Smith,4,0,31,1,7.75,6,3,0,1,0
34,Josh Little,4,0,24,3,6.00,11,3,0,0,0
35,Mark Adair,4,0,39,2,9.75,6,3,1,2,0
36,Barry McCarthy,4,0,24,0,6.00,11,2,0,2,0
37,Curtis Campher,3,0,29,0,9.66,6,2,2,0,0
38,Simi Singh,3,0,31,2,10.33,5,2,2,1,0
39,Gareth Delany,2,0,21,0,10.50,4,2,1,1,0
40,Josh Little,4,0,24,3,6.00,11,3,0,0,0
41,Mark Adair,4,0,39,2,9.75,6,3,1,2,0
42,Barry McCarthy,4,0,24,0,6.00,11,2,0,2,0
43,Curtis Campher,3,0,29,0,9.66,6,2,2,0,0
44,Simi Singh,3,0,31,2,10.33,5,2,2,1,0
45,Gareth Delany,2,0,21,0,10.50,4,2,1,1,0
46,Fred Klaassen,3,0,15,0,5.00,11,1,0,0,0
47,Tim Pringle,3,0,15,1,5.00,8,0,0,0,0
48,Bas de Leede,3,0,18,2,6.00,6,1,0,0,0
49,Colin Ackermann,3,0,17,1,5.66,8,2,0,0,0
50,Paul van Meekeren,4,0,18,1,4.50,11,1,0,1,0
51,Timm van der Gugten,3,0,29,0,9.66,4,1,1,2,0
52,Roelof van der Merwe,1,0,6,1,6.00,1,0,0,1,0
53,Fred Klaassen,3,0,15,0,5.00,11,1,0,0,0
54,Tim Pringle,3,0,15,1,5.00,8,0,0,0,0
55,Bas de Leede,3,0,18,2,6.00,6,1,0,0,0
56,Colin Ackermann,3,0,17,1,5.66,8,2,0,0,0
57,Paul van Meekeren,4,0,18,1,4.50,11,1,0,1,0
58,Timm van der Gugten,3,0,29,0,9.66,4,1,1,2,0
59,Roelof van der Merwe,1,0,6,1,6.00,1,0,0,1,0
60,Junaid Siddique,4,0,36,0,9.00,8,2,1,2,0
61,Kashif Daud,1,0,14,0,14.00,0,2,0,0,0
62,Zahoor Khan,4,0,26,2,6.50,10,3,0,0,0
63,Aayan Afzal Khan,3,0,16,1,5.33,7,1,0,0,0
64,Aryan Lakra,3,0,24,1,8.00,5,3,0,0,0
65,Karthik Meiyappan,4,0,19,3,4.75,12,0,1,0,0
66,Basil Hameed,1,0,13,0,13.00,1,1,1,0,0
67,Junaid Siddique,4,0,36,0,9.00,8,2,1,2,0
68,Kashif Daud,1,0,14,0,14.00,0,2,0,0,0
69,Zahoor Khan,4,0,26,2,6.50,10,3,0,0,0
70,Aayan Afzal Khan,3,0,16,1,5.33,7,1,0,0,0
71,Aryan Lakra,3,0,24,1,8.00,5,3,0,0,0
72,Karthik Meiyappan,4,0,19,3,4.75,12,0,1,0,0
73,Basil Hameed,1,0,13,0,13.00,1,1,1,0,0
74,Josh Little,4,0,30,1,7.50,10,2,1,1,0
75,Mark Adair,4,0,23,1,5.75,12,2,0,2,0
76,Barry McCarthy,4,0,59,0,14.75,4,6,3,1,1
77,Gareth Delany,3,0,28,0,9.33,3,2,1,0,0
78,Simi Singh,2,0,16,0,8.00,2,2,0,0,0
79,Curtis Campher,2,0,9,2,4.50,7,1,0,0,0
80,George Dockrell,1,0,9,0,9.00,1,1,0,0,0
81,Josh Little,4,0,30,1,7.50,10,2,1,1,0
82,Mark Adair,4,0,23,1,5.75,12,2,0,2,0
83,Barry McCarthy,4,0,59,0,14.75,4,6,3,1,1
84,Gareth Delany,3,0,28,0,9.33,3,2,1,0,0
85,Simi Singh,2,0,16,0,8.00,2,2,0,0,0
86,Curtis Campher,2,0,9,2,4.50,7,1,0,0,0
87,George Dockrell,1,0,9,0,9.00,1,1,0,0,0
88,Richard Ngarava,3,0,20,0,6.66,9,1,1,1,0
89,Tendai Chatara,3,0,22,0,7.33,5,2,0,2,0
90,Blessing Muzarabani,4,0,38,2,9.50,10,2,2,2,1
91,Ryan Burl,3,0,27,0,9.00,5,3,1,0,0
92,Sikandar Raza,4,0,19,3,4.75,7,0,0,0,0
93,Sean Williams,3,0,17,1,5.66,7,1,0,0,1
94,Richard Ngarava,3,0,20,0,6.66,9,1,1,1,0
95,Tendai Chatara,3,0,22,0,7.33,5,2,0,2,0
96,Blessing Muzarabani,4,0,38,2,9.50,10,2,2,2,1
97,Ryan Burl,3,0,27,0,9.00,5,3,1,0,0
98,Sikandar Raza,4,0,19,3,4.75,7,0,0,0,0
99,Sean Williams,3,0,17,1,5.66,7,1,0,0,1
100,Fred Klaassen,4,0,34,1,8.50,9,1,2,0,0
101,Tim Pringle,3,0,22,0,7.33,8,0,2,0,0
102,Roelof van der Merwe,3,0,16,0,5.33,10,2,0,0,0
103,Paul van Meekeren,4,0,25,2,6.25,11,3,0,1,0
104,Bas de Leede,3,0,31,2,10.33,5,2,2,0,0
105,Timm van der Gugten,3,0,31,1,10.33,3,2,1,0,0
106,Fred Klaassen,4,0,34,1,8.50,9,1,2,0,0
107,Tim Pringle,3,0,22,0,7.33,8,0,2,0,0
108,Roelof van der Merwe,3,0,16,0,5.33,10,2,0,0,0
109,Paul van Meekeren,4,0,25,2,6.25,11,3,0,1,0
110,Bas de Leede,3,0,31,2,10.33,5,2,2,0,0
111,Timm van der Gugten,3,0,31,1,10.33,3,2,1,0,0
112,Ruben Trumpelmann,4,0,22,0,5.50,10,0,0,3,0
113,David Wiese,4,0,27,1,6.75,12,2,1,1,0
114,Bernard Scholtz,4,0,22,1,5.50,11,1,1,0,0
115,JJ Smit,4,0,39,0,9.75,11,2,3,0,0
116,Jan Frylinck,3,0,30,0,10.00,3,2,1,1,0
117,Ben Shikongo,1,0,8,1,8.00,1,1,0,0,0
118,Ruben Trumpelmann,4,0,22,0,5.50,10,0,0,3,0
119,David Wiese,4,0,27,1,6.75,12,2,1,1,0
120,Bernard Scholtz,4,0,22,1,5.50,11,1,1,0,0
121,JJ Smit,4,0,39,0,9.75,11,2,3,0,0
122,Jan Frylinck,3,0,30,0,10.00,3,2,1,1,0
123,Ben Shikongo,1,0,8,1,8.00,1,1,0,0,0
124,Josh Little,4,0,31,0,7.75,8,1,2,1,0
125,Mark Adair,4,0,26,0,6.50,12,1,1,4,0
126,Barry McCarthy,4,0,33,1,8.25,9,3,1,1,0
127,Curtis Campher,2,0,28,0,14.00,2,4,1,0,0
128,Simi Singh,2,0,11,1,5.50,4,1,0,0,0
129,Gareth Delany,4,0,16,3,4.00,12,1,0,1,0
130,Josh Little,4,0,31,0,7.75,8,1,2,1,0
131,Mark Adair,4,0,26,0,6.50,12,1,1,4,0
132,Barry McCarthy,4,0,33,1,8.25,9,3,1,1,0
133,Curtis Campher,2,0,28,0,14.00,2,4,1,0,0
134,Simi Singh,2,0,11,1,5.50,4,1,0,0,0
135,Gareth Delany,4,0,16,3,4.00,12,1,0,1,0
136,Tendai Chatara,4,1,14,2,3.50,14,1,0,0,0
137,Richard Ngarava,4,0,28,2,7.00,12,4,0,1,1
138,Blessing Muzarabani,4,0,34,1,8.50,9,5,0,0,2
139,Sean Williams,3,0,19,0,6.33,4,1,0,0,0
140,Sikandar Raza,4,0,20,1,5.00,10,0,0,2,0
141,Wessly Madhevere,1,0,7,0,7.00,1,0,0,0,0
142,Tendai Chatara,4,1,14,2,3.50,14,1,0,0,0
143,Richard Ngarava,4,0,28,2,7.00,12,4,0,1,1
144,Blessing Muzarabani,4,0,34,1,8.50,9,5,0,0,2
145,Sean Williams,3,0,19,0,6.33,4,1,0,0,0
146,Sikandar Raza,4,0,20,1,5.00,10,0,0,2,0
147,Wessly Madhevere,1,0,7,0,7.00,1,0,0,0,0
148,Mitchell Starc,4,0,36,0,9.00,5,3,1,0,0
149,Josh Hazlewood,4,0,41,2,10.25,8,5,1,1,0
150,Pat Cummins,4,0,46,0,11.50,8,4,2,2,0
151,Marcus Stoinis,4,0,38,0,9.50,3,1,2,1,0
152,Adam Zampa,4,0,39,1,9.75,4,2,2,1,0
153,Mitchell Starc,4,0,36,0,9.00,5,3,1,0,0
154,Josh Hazlewood,4,0,41,2,10.25,8,5,1,1,0
155,Pat Cummins,4,0,46,0,11.50,8,4,2,2,0
156,Marcus Stoinis,4,0,38,0,9.50,3,1,2,1,0
157,Adam Zampa,4,0,39,1,9.75,4,2,2,1,0
158,Ben Stokes,4,0,19,2,4.75,14,2,0,1,0
159,Chris Woakes,4,0,24,1,6.00,15,2,1,1,0
160,Mark Wood,4,0,23,2,5.75,14,2,1,0,0
161,Sam Curran,3.4,0,10,5,2.72,16,1,0,1,0
162,Adil Rashid,4,0,32,0,8.00,4,1,1,0,0
163,Ben Stokes,4,0,19,2,4.75,14,2,0,1,0
164,Chris Woakes,4,0,24,1,6.00,15,2,1,1,0
165,Mark Wood,4,0,23,2,5.75,14,2,1,0,0
166,Sam Curran,3.4,0,10,5,2.72,16,1,0,1,0
167,Adil Rashid,4,0,32,0,8.00,4,1,1,0,0
168,Binura Fernando,4,0,27,1,6.75,10,3,0,1,0
169,Lahiru Kumara,2,0,12,1,6.00,6,2,0,0,0
170,Maheesh Theekshana,4,0,19,2,4.75,8,1,0,0,0
171,Chamika Karunaratne,4,0,29,1,7.25,7,2,1,0,0
172,Wanindu Hasaranga de Silva,4,0,25,2,6.25,6,0,1,0,0
173,Dhananjaya de Silva,2,0,13,1,6.50,3,1,0,0,0
174,Binura Fernando,4,0,27,1,6.75,10,3,0,1,0
175,Lahiru Kumara,2,0,12,1,6.00,6,2,0,0,0
176,Maheesh Theekshana,4,0,19,2,4.75,8,1,0,0,0
177,Chamika Karunaratne,4,0,29,1,7.25,7,2,1,0,0
178,Wanindu Hasaranga de Silva,4,0,25,2,6.25,6,0,1,0,0
179,Dhananjaya de Silva,2,0,13,1,6.50,3,1,0,0,0
180,Bhuvneshwar Kumar,4,0,22,1,5.50,17,1,1,3,0
181,Arshdeep Singh,4,0,32,3,8.00,10,3,1,1,0
182,Mohammed Shami,4,0,25,1,6.25,14,4,0,1,0
183,Hardik Pandya,4,0,30,3,7.50,10,4,0,0,0
184,Ravichandran Ashwin,3,0,23,0,7.66,5,0,1,1,0
185,Axar Patel,1,0,21,0,21.00,2,0,3,0,0
186,Bhuvneshwar Kumar,4,0,22,1,5.50,17,1,1,3,0
187,Arshdeep Singh,4,0,32,3,8.00,10,3,1,1,0
188,Mohammed Shami,4,0,25,1,6.25,14,4,0,1,0
189,Hardik Pandya,4,0,30,3,7.50,10,4,0,0,0
190,Ravichandran Ashwin,3,0,23,0,7.66,5,0,1,1,0
191,Axar Patel,1,0,21,0,21.00,2,0,3,0,0
192,Fred Klaassen,4,0,33,1,8.25,10,5,0,3,0
193,Colin Ackermann,1,0,4,0,4.00,2,0,0,0,0
194,Paul van Meekeren,4,0,21,2,5.25,10,1,0,0,0
195,Bas de Leede,3,0,29,2,9.66,9,3,1,3,0
196,Tim Pringle,2,0,10,1,5.00,4,0,0,0,0
197,Shariz Ahmad,3,0,27,1,9.00,5,1,2,0,0
198,Logan van Beek,3,0,12,1,4.00,7,0,0,1,0
199,Fred Klaassen,4,0,33,1,8.25,10,5,0,3,0
200,Colin Ackermann,1,0,4,0,4.00,2,0,0,0,0
201,Paul van Meekeren,4,0,21,2,5.25,10,1,0,0,0
202,Bas de Leede,3,0,29,2,9.66,9,3,1,3,0
203,Tim Pringle,2,0,10,1,5.00,4,0,0,0,0
204,Shariz Ahmad,3,0,27,1,9.00,5,1,2,0,0
205,Logan van Beek,3,0,12,1,4.00,7,0,0,1,0
206,Kagiso Rabada,2,0,20,0,10.00,4,2,1,0,0
207,Wayne Parnell,2,0,6,1,3.00,9,1,0,0,0
208,Lungi Ngidi,2,0,20,2,10.00,6,2,1,2,0
209,Keshav Maharaj,1,0,10,0,10.00,1,1,0,0,0
210,Anrich Nortje,2,0,10,1,5.00,5,0,0,0,0
211,Kagiso Rabada,2,0,20,0,10.00,4,2,1,0,0
212,Wayne Parnell,2,0,6,1,3.00,9,1,0,0,0
213,Lungi Ngidi,2,0,20,2,10.00,6,2,1,2,0
214,Keshav Maharaj,1,0,10,0,10.00,1,1,0,0,0
215,Anrich Nortje,2,0,10,1,5.00,5,0,0,0,0
216,Josh Hazlewood,4,0,26,1,6.50,13,3,0,3,0
217,Pat Cummins,4,0,36,1,9.00,12,5,1,2,0
218,Mitchell Starc,4,0,23,1,5.75,13,1,0,1,0
219,Ashton Agar,4,0,25,1,6.25,8,1,0,1,0
220,Marcus Stoinis,2,0,17,0,8.50,1,1,0,1,0
221,Mitchell Marsh,1,0,14,0,14.00,1,1,1,0,0
222,Glenn Maxwell,1,0,5,1,5.00,2,0,0,0,0
223,Josh Hazlewood,4,0,26,1,6.50,13,3,0,3,0
224,Pat Cummins,4,0,36,1,9.00,12,5,1,2,0
225,Mitchell Starc,4,0,23,1,5.75,13,1,0,1,0
226,Ashton Agar,4,0,25,1,6.25,8,1,0,1,0
227,Marcus Stoinis,2,0,17,0,8.50,1,1,0,1,0
228,Mitchell Marsh,1,0,14,0,14.00,1,1,1,0,0
229,Glenn Maxwell,1,0,5,1,5.00,2,0,0,0,0
230,Ben Stokes,2.2,0,8,1,3.42,7,0,0,0,0
231,Chris Woakes,3,0,41,0,13.66,4,6,1,2,0
232,Mark Wood,4,0,34,3,8.50,13,4,1,2,0
233,Sam Curran,3,0,31,2,10.33,7,1,2,0,0
234,Adil Rashid,4,0,24,0,6.00,6,1,0,0,0
235,Liam Livingstone,3,0,17,3,5.66,5,1,0,0,0
236,Ben Stokes,2.2,0,8,1,3.42,7,0,0,0,0
237,Chris Woakes,3,0,41,0,13.66,4,6,1,2,0
238,Mark Wood,4,0,34,3,8.50,13,4,1,2,0
239,Sam Curran,3,0,31,2,10.33,7,1,2,0,0
240,Adil Rashid,4,0,24,0,6.00,6,1,0,0,0
241,Liam Livingstone,3,0,17,3,5.66,5,1,0,0,0
242,Taskin Ahmed,3,0,46,1,15.33,7,6,2,0,3
243,Mehidy Hasan Miraz,3,0,32,0,10.66,4,2,2,0,0
244,Hasan Mahmud,4,0,36,1,9.00,11,3,2,2,0
245,Mustafizur Rahman,4,0,25,0,6.25,7,1,1,0,0
246,Mosaddek Hossain,2,0,16,0,8.00,5,1,1,0,0
247,Shakib Al Hasan,3,0,33,2,11.00,7,1,3,0,1
248,Afif Hossain,1,0,11,1,11.00,1,2,0,0,0
249,Taskin Ahmed,3,0,46,1,15.33,7,6,2,0,3
250,Mehidy Hasan Miraz,3,0,32,0,10.66,4,2,2,0,0
251,Hasan Mahmud,4,0,36,1,9.00,11,3,2,2,0
252,Mustafizur Rahman,4,0,25,0,6.25,7,1,1,0,0
253,Mosaddek Hossain,2,0,16,0,8.00,5,1,1,0,0
254,Shakib Al Hasan,3,0,33,2,11.00,7,1,3,0,1
255,Afif Hossain,1,0,11,1,11.00,1,2,0,0,0
256,Fred Klaassen,4,0,33,1,8.25,9,2,1,2,0
257,Tim Pringle,4,0,30,0,7.50,6,3,0,0,0
258,Paul van Meekeren,4,0,32,1,8.00,9,3,1,0,0
259,Bas de Leede,3,0,33,0,11.00,6,5,1,1,0
260,Logan van Beek,4,0,45,0,11.25,3,2,3,0,0
261,Shariz Ahmad,1,0,5,0,5.00,2,0,0,0,0
262,Fred Klaassen,4,0,33,1,8.25,9,2,1,2,0
263,Tim Pringle,4,0,30,0,7.50,6,3,0,0,0
264,Paul van Meekeren,4,0,32,1,8.00,9,3,1,0,0
265,Bas de Leede,3,0,33,0,11.00,6,5,1,1,0
266,Logan van Beek,4,0,45,0,11.25,3,2,3,0,0
267,Shariz Ahmad,1,0,5,0,5.00,2,0,0,0,0
268,Shaheen Shah Afridi,4,0,29,0,7.25,9,3,0,0,0
269,Naseem Shah,4,0,34,0,8.50,7,4,0,2,0
270,Mohammad Wasim,4,0,24,4,6.00,16,2,1,4,0
271,Haris Rauf,4,1,12,1,3.00,15,0,0,0,0
272,Shadab Khan,4,0,23,3,5.75,8,1,0,0,0
273,Shaheen Shah Afridi,4,0,29,0,7.25,9,3,0,0,0
274,Naseem Shah,4,0,34,0,8.50,7,4,0,2,0
275,Mohammad Wasim,4,0,24,4,6.00,16,2,1,4,0
276,Haris Rauf,4,1,12,1,3.00,15,0,0,0,0
277,Shadab Khan,4,0,23,3,5.75,8,1,0,0,0
278,Maheesh Theekshana,4,0,35,1,8.75,7,2,2,1,0
279,Kasun Rajitha,4,0,23,2,5.75,16,3,0,1,2
280,Dhananjaya de Silva,2,0,14,1,7.00,4,1,0,0,0
281,Wanindu Hasaranga de Silva,4,0,22,1,5.50,9,1,0,0,0
282,Lahiru Kumara,3,0,37,1,12.33,2,2,2,2,1
283,Chamika Karunaratne,3,0,34,0,11.33,5,3,1,1,0
284,Maheesh Theekshana,4,0,35,1,8.75,7,2,2,1,0
285,Kasun Rajitha,4,0,23,2,5.75,16,3,0,1,2
286,Dhananjaya de Silva,2,0,14,1,7.00,4,1,0,0,0
287,Wanindu Hasaranga de Silva,4,0,22,1,5.50,9,1,0,0,0
288,Lahiru Kumara,3,0,37,1,12.33,2,2,2,2,1
289,Chamika Karunaratne,3,0,34,0,11.33,5,3,1,1,0
290,Richard Ngarava,4,0,24,2,6.00,11,2,0,2,0
291,Blessing Muzarabani,2,0,13,2,6.50,8,3,0,0,0
292,Tendai Chatara,3,0,18,0,6.00,7,1,0,0,0
293,Sikandar Raza,4,0,35,1,8.75,2,2,1,0,0
294,Brad Evans,3,0,32,0,10.66,2,3,1,1,0
295,Wessly Madhevere,2,0,18,0,9.00,0,1,0,0,0
296,Sean Williams,2,0,10,1,5.00,4,0,0,1,0
297,Richard Ngarava,4,0,24,2,6.00,11,2,0,2,0
298,Blessing Muzarabani,2,0,13,2,6.50,8,3,0,0,0
299,Tendai Chatara,3,0,18,0,6.00,7,1,0,0,0
300,Sikandar Raza,4,0,35,1,8.75,2,2,1,0,0
301,Brad Evans,3,0,32,0,10.66,2,3,1,1,0
302,Wessly Madhevere,2,0,18,0,9.00,0,1,0,0,0
303,Sean Williams,2,0,10,1,5.00,4,0,0,1,0
304,Shaheen Shah Afridi,4,0,19,1,4.75,13,1,0,1,0
305,Naseem Shah,4,0,11,1,2.75,15,0,0,0,0
306,Mohammad Wasim,3,0,15,2,5.00,10,1,0,1,0
307,Haris Rauf,3,0,10,1,3.33,11,1,0,0,0
308,Shadab Khan,4,0,22,3,5.50,11,2,0,0,0
309,Mohammad Nawaz,2,0,11,0,5.50,3,0,0,0,0
310,Shaheen Shah Afridi,4,0,19,1,4.75,13,1,0,1,0
311,Naseem Shah,4,0,11,1,2.75,15,0,0,0,0
312,Mohammad Wasim,3,0,15,2,5.00,10,1,0,1,0
313,Haris Rauf,3,0,10,1,3.33,11,1,0,0,0
314,Shadab Khan,4,0,22,3,5.50,11,2,0,0,0
315,Mohammad Nawaz,2,0,11,0,5.50,3,0,0,0,0
316,Wayne Parnell,4,1,15,3,3.75,16,0,1,0,0
317,Kagiso Rabada,4,0,26,0,6.50,13,2,1,1,0
318,Lungi Ngidi,4,0,29,4,7.25,10,3,1,0,0
319,Anrich Nortje,4,0,23,1,5.75,12,1,1,0,0
320,Keshav Maharaj,3,0,28,0,9.33,5,3,1,0,0
321,Aiden Markram,1,0,5,0,5.00,1,0,0,0,0
322,Wayne Parnell,4,1,15,3,3.75,16,0,1,0,0
323,Kagiso Rabada,4,0,26,0,6.50,13,2,1,1,0
324,Lungi Ngidi,4,0,29,4,7.25,10,3,1,0,0
325,Anrich Nortje,4,0,23,1,5.75,12,1,1,0,0
326,Keshav Maharaj,3,0,28,0,9.33,5,3,1,0,0
327,Aiden Markram,1,0,5,0,5.00,1,0,0,0,0
328,Josh Little,4,0,21,2,5.25,13,2,0,2,0
329,Mark Adair,4,0,59,0,14.75,6,7,2,6,0
330,Barry McCarthy,4,0,29,3,7.25,7,2,0,1,0
331,Gareth Delany,3,0,29,0,9.66,10,2,2,2,0
332,Fionn Hand,1,0,15,0,15.00,2,0,2,1,0
333,George Dockrell,4,0,24,0,6.00,8,0,1,0,0
334,Josh Little,4,0,21,2,5.25,13,2,0,2,0
335,Mark Adair,4,0,59,0,14.75,6,7,2,6,0
336,Barry McCarthy,4,0,29,3,7.25,7,2,0,1,0
337,Gareth Delany,3,0,29,0,9.66,10,2,2,2,0
338,Fionn Hand,1,0,15,0,15.00,2,0,2,1,0
339,George Dockrell,4,0,24,0,6.00,8,0,1,0,0
340,Kasun Rajitha,4,0,31,1,7.75,11,2,1,1,1
341,Pramod Madushan,3,0,24,0,8.00,7,2,1,0,0
342,Lahiru Kumara,4,0,30,2,7.50,12,2,1,4,0
343,Maheesh Theekshana,4,0,33,0,8.25,5,1,1,1,0
344,Wanindu Hasaranga de Silva,4,0,13,3,3.25,12,0,0,0,0
345,Dhananjaya de Silva,1,0,9,1,9.00,1,1,0,0,0
346,Kasun Rajitha,4,0,31,1,7.75,11,2,1,1,1
347,Pramod Madushan,3,0,24,0,8.00,7,2,1,0,0
348,Lahiru Kumara,4,0,30,2,7.50,12,2,1,4,0
349,Maheesh Theekshana,4,0,33,0,8.25,5,1,1,1,0
350,Wanindu Hasaranga de Silva,4,0,13,3,3.25,12,0,0,0,0
351,Dhananjaya de Silva,1,0,9,1,9.00,1,1,0,0,0
352,Trent Boult,4,0,40,0,10.00,8,4,1,1,0
353,Tim Southee,4,0,43,1,10.75,9,3,3,0,0
354,Mitchell Santner,4,0,25,1,6.25,8,2,0,0,0
355,Lockie Ferguson,4,0,45,2,11.25,6,4,2,0,1
356,Ish Sodhi,4,0,23,1,5.75,10,2,0,0,0
357,Trent Boult,4,0,40,0,10.00,8,4,1,1,0
358,Tim Southee,4,0,43,1,10.75,9,3,3,0,0
359,Mitchell Santner,4,0,25,1,6.25,8,2,0,0,0
360,Lockie Ferguson,4,0,45,2,11.25,6,4,2,0,1
361,Ish Sodhi,4,0,23,1,5.75,10,2,0,0,0
362,Fred Klaassen,4,0,17,1,4.25,17,0,1,2,0
363,Paul van Meekeren,4,0,29,3,7.25,13,3,0,2,0
364,Brandon Glover,4,1,29,2,7.25,15,2,2,2,0
365,Logan van Beek,2.2,0,17,2,7.28,8,1,1,1,0
366,Bas de Leede,4,0,14,2,3.50,11,0,0,0,0
367,Roelof van der Merwe,1,0,8,0,8.00,2,1,0,0,0
368,Fred Klaassen,4,0,17,1,4.25,17,0,1,2,0
369,Paul van Meekeren,4,0,29,3,7.25,13,3,0,2,0
370,Brandon Glover,4,1,29,2,7.25,15,2,2,2,0
371,Logan van Beek,2.2,0,17,2,7.28,8,1,1,1,0
372,Bas de Leede,4,0,14,2,3.50,11,0,0,0,0
373,Roelof van der Merwe,1,0,8,0,8.00,2,1,0,0,0
374,Taskin Ahmed,4,0,15,0,3.75,16,2,0,0,0
375,Shoriful Islam,4,0,57,0,14.25,7,4,4,2,2
376,Hasan Mahmud,4,0,47,3,11.75,7,6,2,0,1
377,Mustafizur Rahman,4,0,31,0,7.75,9,4,0,0,0
378,Shakib Al Hasan,4,0,33,2,8.25,3,2,0,0,0
379,Taskin Ahmed,4,0,15,0,3.75,16,2,0,0,0
380,Shoriful Islam,4,0,57,0,14.25,7,4,4,2,2
381,Hasan Mahmud,4,0,47,3,11.75,7,6,2,0,1
382,Mustafizur Rahman,4,0,31,0,7.75,9,4,0,0,0
383,Shakib Al Hasan,4,0,33,2,8.25,3,2,0,0,0
384,Wayne Parnell,4,0,31,1,7.75,10,3,1,0,0
385,Kagiso Rabada,4,0,44,1,11.00,7,4,2,0,0
386,Lungi Ngidi,4,0,32,1,8.00,11,3,1,2,0
387,Anrich Nortje,4,0,41,4,10.25,11,1,4,0,1
388,Tabraiz Shamsi,4,0,36,1,9.00,8,2,2,2,0
389,Wayne Parnell,4,0,31,1,7.75,10,3,1,0,0
390,Kagiso Rabada,4,0,44,1,11.00,7,4,2,0,0
391,Lungi Ngidi,4,0,32,1,8.00,11,3,1,2,0
392,Anrich Nortje,4,0,41,4,10.25,11,1,4,0,1
393,Tabraiz Shamsi,4,0,36,1,9.00,8,2,2,2,0
394,Josh Little,4,0,22,3,5.50,10,2,0,1,0
395,Mark Adair,4,0,39,1,9.75,9,3,1,3,0
396,Barry McCarthy,4,0,46,0,11.50,4,4,2,0,0
397,Gareth Delany,4,0,30,2,7.50,11,3,1,1,0
398,Fionn Hand,2,0,22,0,11.00,2,2,1,0,0
399,George Dockrell,2,0,18,0,9.00,4,2,0,2,0
400,Josh Little,4,0,22,3,5.50,10,2,0,1,0
401,Mark Adair,4,0,39,1,9.75,9,3,1,3,0
402,Barry McCarthy,4,0,46,0,11.50,4,4,2,0,0
403,Gareth Delany,4,0,30,2,7.50,11,3,1,1,0
404,Fionn Hand,2,0,22,0,11.00,2,2,1,0,0
405,George Dockrell,2,0,18,0,9.00,4,2,0,2,0
406,Fazalhaq Farooqi,4,0,29,2,7.25,13,4,1,0,0
407,Mujeeb Ur Rahman,4,0,42,1,10.50,5,4,1,1,0
408,Naveen-ul-Haq,4,0,21,3,5.25,11,2,0,0,0
409,Gulbadin Naib,3,0,31,0,10.33,6,3,2,0,0
410,Rashid Khan,4,0,29,1,7.25,9,2,1,1,0
411,Mohammad Nabi,1,0,14,0,14.00,1,1,1,0,0
412,Fazalhaq Farooqi,4,0,29,2,7.25,13,4,1,0,0
413,Mujeeb Ur Rahman,4,0,42,1,10.50,5,4,1,1,0
414,Naveen-ul-Haq,4,0,21,3,5.25,11,2,0,0,0
415,Gulbadin Naib,3,0,31,0,10.33,6,3,2,0,0
416,Rashid Khan,4,0,29,1,7.25,9,2,1,1,0
417,Mohammad Nabi,1,0,14,0,14.00,1,1,1,0,0
418,Ben Stokes,3,0,24,1,8.00,8,1,2,0,0
419,Chris Woakes,3,0,24,1,8.00,5,3,0,1,0
420,Mark Wood,3,0,26,3,8.66,8,1,2,1,0
421,Sam Curran,4,0,27,1,6.75,10,2,1,0,0
422,Adil Rashid,4,0,16,1,4.00,11,0,0,0,0
423,Liam Livingstone,2,0,16,0,8.00,2,0,1,0,0
424,Moeen Ali,1,0,5,0,5.00,1,0,0,0,0
425,Ben Stokes,3,0,24,1,8.00,8,1,2,0,0
426,Chris Woakes,3,0,24,1,8.00,5,3,0,1,0
427,Mark Wood,3,0,26,3,8.66,8,1,2,1,0
428,Sam Curran,4,0,27,1,6.75,10,2,1,0,0
429,Adil Rashid,4,0,16,1,4.00,11,0,0,0,0
430,Liam Livingstone,2,0,16,0,8.00,2,0,1,0,0
431,Moeen Ali,1,0,5,0,5.00,1,0,0,0,0
432,Wayne Parnell,4,0,32,0,8.00,10,2,2,1,0
433,Kagiso Rabada,3,0,37,0,12.33,6,7,0,0,0
434,Lungi Ngidi,3,0,35,0,11.66,3,5,0,0,0
435,Anrich Nortje,4,0,10,1,2.50,14,0,0,0,0
436,Keshav Maharaj,4,0,27,2,6.75,12,1,2,0,0
437,Aiden Markram,2,0,16,1,8.00,3,0,1,1,0
438,Wayne Parnell,4,0,32,0,8.00,10,2,2,1,0
439,Kagiso Rabada,3,0,37,0,12.33,6,7,0,0,0
440,Lungi Ngidi,3,0,35,0,11.66,3,5,0,0,0
441,Anrich Nortje,4,0,10,1,2.50,14,0,0,0,0
442,Keshav Maharaj,4,0,27,2,6.75,12,1,2,0,0
443,Aiden Markram,2,0,16,1,8.00,3,0,1,1,0
444,Shaheen Shah Afridi,4,0,22,4,5.50,13,2,1,0,0
445,Naseem Shah,3,0,15,0,5.00,9,2,0,0,0
446,Mohammad Wasim,2,0,19,0,9.50,5,1,1,1,0
447,Haris Rauf,4,0,21,1,5.25,11,2,0,0,0
448,Shadab Khan,4,0,30,2,7.50,8,3,0,0,0
449,Iftikhar Ahmed,3,0,15,1,5.00,9,2,0,0,0
450,Shaheen Shah Afridi,4,0,22,4,5.50,13,2,1,0,0
451,Naseem Shah,3,0,15,0,5.00,9,2,0,0,0
452,Mohammad Wasim,2,0,19,0,9.50,5,1,1,1,0
453,Haris Rauf,4,0,21,1,5.25,11,2,0,0,0
454,Shadab Khan,4,0,30,2,7.50,8,3,0,0,0
455,Iftikhar Ahmed,3,0,15,1,5.00,9,2,0,0,0
456,Richard Ngarava,4,1,44,1,11.00,12,2,4,1,1
457,Tendai Chatara,4,0,34,0,8.50,5,3,1,0,0
458,Blessing Muzarabani,4,0,50,1,12.50,5,8,0,1,0
459,Wellington Masakadza,2,0,12,0,6.00,5,1,0,1,0
460,Ryan Burl,1,0,14,0,14.00,1,1,1,0,0
461,Sikandar Raza,3,0,18,1,6.00,5,0,1,0,0
462,Sean Williams,2,0,9,2,4.50,6,0,0,2,0
463,Richard Ngarava,4,1,44,1,11.00,12,2,4,1,1
464,Tendai Chatara,4,0,34,0,8.50,5,3,1,0,0
465,Blessing Muzarabani,4,0,50,1,12.50,5,8,0,1,0
466,Wellington Masakadza,2,0,12,0,6.00,5,1,0,1,0
467,Ryan Burl,1,0,14,0,14.00,1,1,1,0,0
468,Sikandar Raza,3,0,18,1,6.00,5,0,1,0,0
469,Sean Williams,2,0,9,2,4.50,6,0,0,2,0
470,Shaheen Shah Afridi,4,0,24,2,6.00,11,2,0,0,0
471,Naseem Shah,4,0,30,0,7.50,8,3,0,0,0
472,Haris Rauf,4,0,32,0,8.00,6,2,0,0,0
473,Mohammad Wasim,2,0,15,0,7.50,3,0,1,0,0
474,Shadab Khan,4,0,33,0,8.25,7,3,1,0,0
475,Mohammad Nawaz,2,0,12,1,6.00,2,0,0,0,0
476,Shaheen Shah Afridi,4,0,24,2,6.00,11,2,0,0,0
477,Naseem Shah,4,0,30,0,7.50,8,3,0,0,0
478,Haris Rauf,4,0,32,0,8.00,6,2,0,0,0
479,Mohammad Wasim,2,0,15,0,7.50,3,0,1,0,0
480,Shadab Khan,4,0,33,0,8.25,7,3,1,0,0
481,Mohammad Nawaz,2,0,12,1,6.00,2,0,0,0,0
482,Ben Stokes,2,0,18,0,9.00,5,2,1,0,0
483,Chris Woakes,3,0,24,1,8.00,5,1,1,2,0
484,Sam Curran,4,0,42,0,10.50,9,5,2,0,0
485,Adil Rashid,4,0,20,1,5.00,8,1,0,0,0
486,Liam Livingstone,3,0,21,0,7.00,7,3,0,0,0
487,Chris Jordan,4,0,43,3,10.75,8,3,3,1,0
488,Ben Stokes,2,0,18,0,9.00,5,2,1,0,0
489,Chris Woakes,3,0,24,1,8.00,5,1,1,2,0
490,Sam Curran,4,0,42,0,10.50,9,5,2,0,0
491,Adil Rashid,4,0,20,1,5.00,8,1,0,0,0
492,Liam Livingstone,3,0,21,0,7.00,7,3,0,0,0
493,Chris Jordan,4,0,43,3,10.75,8,3,3,1,0
494,Ben Stokes,4,0,32,1,8.00,6,1,0,2,1
495,Chris Woakes,3,0,26,0,8.66,7,2,1,2,0
496,Sam Curran,4,0,12,3,3.00,15,0,0,0,0
497,Adil Rashid,4,1,22,2,5.50,10,1,0,1,0
498,Chris Jordan,4,0,27,2,6.75,9,3,0,0,0
499,Liam Livingstone,1,0,16,0,16.00,1,1,1,1,0
500,Ben Stokes,4,0,32,1,8.00,6,1,0,2,1
501,Chris Woakes,3,0,26,0,8.66,7,2,1,2,0
502,Sam Curran,4,0,12,3,3.00,15,0,0,0,0
503,Adil Rashid,4,1,22,2,5.50,10,1,0,1,0
504,Chris Jordan,4,0,27,2,6.75,9,3,0,0,0
505,Liam Livingstone,1,0,16,0,16.00,1,1,1,1,0
