,0,1,2,3,4,5,6,7
0,Michael van Lingen,c Pramod Madushan b Chameera,3,6,7,0,0,50.00
1,Divan la Cock,c Shanaka b Pramod Madushan,9,9,15,1,0,100.00
2,Jan Nicol Loftie-Eaton,c †Mendis b Karunaratne,20,12,18,1,2,166.66
3,Stephan Baard,c DM de Silva b Pramod Madushan,26,24,49,2,0,108.33
4,Gerhard Erasmus (c),c Gunathilaka b PWH de Silva,20,24,30,0,0,83.33
5,Jan Frylinck,run out (Gunathilaka/†Mendis),44,28,44,4,0,157.14
6,David Wiese,c †Mendis b Theekshana,0,1,4,0,0,0.00
7,JJ Smit,not out,31,16,29,2,2,193.75
8,Pathum Nissanka,c Smit b Shikongo,9,10,16,1,0,90.00
9,Kusal Mendis †,c †Green b Wiese,6,6,8,0,0,100.00
10,Dhananjaya de Silva,c Shikongo b Frylinck,12,11,25,1,0,109.09
11,Danushka Gunathilaka,c †Green b Shikongo,0,1,2,0,0,0.00
12,Bhanuka Rajapaksa,c la Cock b Scholtz,20,21,39,2,0,95.23
13,Dasun Shanaka (c),c †Green b Frylinck,29,23,37,2,1,126.08
14,Wanindu Hasaranga de Silva,c Loftie-Eaton b Scholtz,4,8,9,0,0,50.00
15,Chamika Karunaratne,c Baard b Smit,5,8,15,0,0,62.50
16,Pramod Madushan,run out (van Lingen/†Green),0,0,4,0,0,-
17,Dushmantha Chameera,c Erasmus b Wiese,8,15,20,0,0,53.33
18,Maheesh Theekshana,not out,11,11,14,0,1,100.00
19,Chirag Suri,c †Edwards b van der Merwe,12,20,28,1,0,60.00
20,Muhammad Waseem,c Pringle b Klaassen,41,47,71,1,2,87.23
21,Kashif Daud,b Pringle,15,14,19,0,1,107.14
22,Vriitya Aravind †,c Klaassen b de Leede,18,21,37,0,0,85.71
23,Zawar Farid,run out (Ackermann/†Edwards),2,4,8,0,0,50.00
24,Basil Hameed,c van der Merwe b de Leede,4,4,7,1,0,100.00
25,Chundangapoyil Rizwan (c),b de Leede,1,2,7,0,0,50.00
26,Aayan Afzal Khan,c Cooper b Klaassen,5,7,8,0,0,71.42
27,Karthik Meiyappan,not out,0,0,4,0,0,-
28,Junaid Siddique,not out,0,1,1,0,0,0.00
29,Vikramjit Singh,b Basil Hameed,10,7,8,2,0,142.85
30,Max O'Dowd,b Junaid Siddique,23,18,25,3,1,127.77
31,Bas de Leede,c Rizwan b Meiyappan,14,18,37,1,0,77.77
32,Colin Ackermann,c Junaid Siddique b Aayan Afzal Khan,17,19,33,1,0,89.47
33,Tom Cooper,lbw b Junaid Siddique,8,16,22,0,0,50.00
34,Scott Edwards (c)†,not out,16,19,42,0,0,84.21
35,Roelof van der Merwe,b Junaid Siddique,0,2,4,0,0,0.00
36,Tim Pringle,b Zahoor Khan,15,16,26,0,0,93.75
37,Logan van Beek,not out,4,4,7,0,0,100.00
38,George Munsey,not out,66,53,106,9,0,124.52
39,Michael Jones,b Holder,20,17,36,3,0,117.64
40,Matthew Cross †,c Brooks b Holder,3,5,10,0,0,60.00
41,Richie Berrington (c),c Mayers b Joseph,16,14,21,0,1,114.28
42,Calum MacLeod,c King b Smith,23,14,15,4,0,164.28
43,Michael Leask,b Joseph,4,6,8,0,0,66.66
44,Chris Greaves,not out,16,11,19,2,0,145.45
45,Kyle Mayers,c Munsey b Davey,20,13,12,3,1,153.84
46,Evin Lewis,c Jones b Wheal,14,13,30,1,1,107.69
47,Brandon King,b Watt,17,15,24,3,0,113.33
48,Nicholas Pooran (c)†,b Leask,5,9,14,0,0,55.55
49,Shamarh Brooks,c Leask b Wheal,4,9,24,0,0,44.44
50,Rovman Powell,c MacLeod b Leask,5,6,12,0,0,83.33
51,Jason Holder,c Greaves b Sharif,38,33,37,4,1,115.15
52,Akeal Hosein,run out (†Cross/Leask),1,1,4,0,0,100.00
53,Alzarri Joseph,c †Cross b Watt,0,1,4,0,0,0.00
54,Odean Smith,c Greaves b Watt,5,8,14,0,0,62.50
55,Obed McCoy,not out,2,3,10,0,0,66.66
56,Regis Chakabva †,c †Tucker b Little,0,2,3,0,0,0.00
57,Craig Ervine (c),st †Tucker b Simi Singh,9,12,28,1,0,75.00
58,Wessly Madhevere,c Delany b Little,22,19,22,4,0,115.78
59,Sean Williams,c Tector b Simi Singh,12,11,24,0,1,109.09
60,Sikandar Raza,b Adair,82,48,72,5,5,170.83
61,Milton Shumba,c Little b Adair,16,14,26,1,0,114.28
62,Ryan Burl,c Adair b Little,1,4,9,0,0,25.00
63,Luke Jongwe,not out,20,10,14,3,0,200.00
64,Paul Stirling,b Ngarava,0,2,3,0,0,0.00
65,Andy Balbirnie (c),c Ervine b Muzarabani,3,4,20,0,0,75.00
66,Lorcan Tucker †,b Ngarava,11,11,10,2,0,100.00
67,Harry Tector,c Ervine b Muzarabani,1,4,5,0,0,25.00
68,Curtis Campher,b Williams,27,22,41,1,0,122.72
69,George Dockrell,b Sikandar Raza,24,20,25,3,0,120.00
70,Gareth Delany,c Shumba b Chatara,24,20,23,1,1,120.00
71,Mark Adair,c Sikandar Raza b Muzarabani,9,10,18,0,1,90.00
72,Simi Singh,b Chatara,0,1,1,0,0,0.00
73,Barry McCarthy,not out,22,16,23,1,2,137.50
74,Josh Little,not out,7,11,17,1,0,63.63
75,Michael van Lingen,c de Leede b Ackermann,20,19,20,3,0,105.26
76,Divan la Cock,c de Leede b Pringle,0,2,5,0,0,0.00
77,Stephan Baard,c Klaassen b van der Merwe,19,22,46,0,0,86.36
78,Jan Nicol Loftie-Eaton,c †Edwards b van Meekeren,0,2,3,0,0,0.00
79,Jan Frylinck,c van Meekeren b de Leede,43,48,63,1,1,89.58
80,Gerhard Erasmus (c),b de Leede,16,18,37,0,0,88.88
81,David Wiese,not out,11,5,8,1,0,220.00
82,JJ Smit,not out,5,4,6,1,0,125.00
83,Max O'Dowd,run out (Erasmus),35,35,59,1,1,100.00
84,Vikramjit Singh,c Loftie-Eaton b Scholtz,39,31,37,3,2,125.80
85,Bas de Leede,not out,30,30,51,2,0,100.00
86,Tom Cooper,c van Lingen b Smit,6,6,7,1,0,100.00
87,Colin Ackermann,c Erasmus b Smit,0,2,2,0,0,0.00
88,Scott Edwards (c)†,c Loftie-Eaton b Frylinck,1,5,5,0,0,20.00
89,Tim Pringle,not out,8,9,14,0,0,88.88
90,Pathum Nissanka,c Basil Hameed b Zahoor Khan,74,60,105,6,2,123.33
91,Kusal Mendis †,lbw b Aryan Lakra,18,13,24,2,0,138.46
92,Dhananjaya de Silva,run out (Muhammad Waseem/Aayan Afzal Khan),33,21,30,3,1,157.14
93,Bhanuka Rajapaksa,c Kashif Daud b Meiyappan,5,8,19,0,0,62.50
94,Charith Asalanka,c †Aravind b Meiyappan,0,1,2,0,0,0.00
95,Dasun Shanaka (c),b Meiyappan,0,1,2,0,0,0.00
96,Wanindu Hasaranga de Silva,c Basil Hameed b Aayan Afzal Khan,2,3,3,0,0,66.66
97,Chamika Karunaratne,c Kashif Daud b Zahoor Khan,8,11,22,1,0,72.72
98,Pramod Madushan,not out,1,1,4,0,0,100.00
99,Dushmantha Chameera,not out,1,1,2,0,0,100.00
100,Muhammad Waseem,b Chameera,2,4,13,0,0,50.00
101,Chirag Suri,b Pramod Madushan,14,19,31,3,0,73.68
102,Aryan Lakra,b Chameera,1,3,4,0,0,33.33
103,Chundangapoyil Rizwan (c),c Rajapaksa b Chameera,1,3,8,0,0,33.33
104,Vriitya Aravind †,lbw b PWH de Silva,9,18,26,1,0,50.00
105,Basil Hameed,c DM de Silva b Shanaka,2,6,14,0,0,33.33
106,Aayan Afzal Khan,b PWH de Silva,19,21,33,1,0,90.47
107,Kashif Daud,lbw b PWH de Silva,0,4,8,0,0,0.00
108,Karthik Meiyappan,st †Mendis b Theekshana,4,8,11,0,0,50.00
109,Junaid Siddique,c Nissanka b Theekshana,18,16,22,1,1,112.50
110,Zahoor Khan,not out,1,1,15,0,0,100.00
111,George Munsey,lbw b Adair,1,2,9,0,0,50.00
112,Michael Jones,c Adair b Little,86,55,95,6,4,156.36
113,Matthew Cross †,c McCarthy b Campher,28,21,33,5,0,133.33
114,Richie Berrington (c),c Dockrell b Campher,37,27,39,3,1,137.03
115,Michael Leask,not out,17,13,19,2,0,130.76
116,Calum MacLeod,run out (†Tucker),0,3,6,0,0,0.00
117,Paul Stirling,c †Cross b Sharif,8,10,22,1,0,80.00
118,Andy Balbirnie (c),c Jones b Wheal,14,12,15,2,0,116.66
119,Lorcan Tucker †,c Davey b Watt,20,17,28,2,0,117.64
120,Harry Tector,c Greaves b Leask,14,16,23,1,0,87.50
121,Curtis Campher,not out,72,32,48,7,2,225.00
122,George Dockrell,not out,39,27,42,4,1,144.44
123,Kyle Mayers,c †Chakabva b Muzarabani,13,12,17,2,0,108.33
124,Johnson Charles,run out (Munyonga/Williams),45,36,60,3,2,125.00
125,Evin Lewis,c Shumba b Sikandar Raza,15,18,28,1,0,83.33
126,Nicholas Pooran (c)†,c & b Williams,7,9,10,0,0,77.77
127,Rovman Powell,c Ngarava b Muzarabani,28,21,40,1,2,133.33
128,Shamarh Brooks,lbw b Sikandar Raza,0,3,5,0,0,0.00
129,Jason Holder,c & b Sikandar Raza,4,3,3,0,0,133.33
130,Akeal Hosein,not out,23,18,31,2,0,127.77
131,Odean Smith,not out,1,2,2,0,0,50.00
132,Wessly Madhevere,c Lewis b Holder,27,19,37,3,1,142.10
133,Regis Chakabva (c)†,b Joseph,13,9,14,3,0,144.44
134,Tony Munyonga,b Joseph,2,6,12,0,0,33.33
135,Sean Williams,c †Pooran b McCoy,1,2,4,0,0,50.00
136,Sikandar Raza,c Powell b Smith,14,8,12,1,1,175.00
137,Milton Shumba,c Brooks b Hosein,2,9,20,0,0,22.22
138,Ryan Burl,lbw b Holder,17,19,30,3,0,89.47
139,Luke Jongwe,b Joseph,29,22,31,3,1,131.81
140,Richard Ngarava,b Joseph,2,6,11,0,0,33.33
141,Tendai Chatara,b Holder,3,8,12,0,0,37.50
142,Blessing Muzarabani,not out,1,4,4,0,0,25.00
143,Pathum Nissanka,b van Meekeren,14,21,25,0,1,66.66
144,Kusal Mendis †,c sub (LV van Beek) b van der Gugten,79,44,94,5,5,179.54
145,Dhananjaya de Silva,lbw b van Meekeren,0,1,2,0,0,0.00
146,Charith Asalanka,c †Edwards b de Leede,31,30,38,3,0,103.33
147,Bhanuka Rajapaksa,c Pringle b de Leede,19,13,18,2,0,146.15
148,Dasun Shanaka (c),c Ackermann b Klaassen,8,5,9,0,1,160.00
149,Wanindu Hasaranga de Silva,not out,5,4,8,0,0,125.00
150,Chamika Karunaratne,not out,2,2,4,0,0,100.00
151,Max O'Dowd,not out,71,53,99,6,3,133.96
152,Vikramjit Singh,c Shanaka b Theekshana,7,14,18,0,0,50.00
153,Bas de Leede,c †Mendis b Kumara,14,10,12,1,1,140.00
154,Colin Ackermann,c & b PWH de Silva,0,1,4,0,0,0.00
155,Tom Cooper,b Theekshana,16,19,23,2,0,84.21
156,Scott Edwards (c)†,b Fernando,21,15,16,3,0,140.00
157,Tim Pringle,run out (DM de Silva),2,4,8,0,0,50.00
158,Timm van der Gugten,b PWH de Silva,0,1,2,0,0,0.00
159,Fred Klaassen,b PWH de Silva,3,3,5,0,0,100.00
160,Paul van Meekeren,run out (Shanaka),0,0,4,0,0,-
161,Roelof van der Merwe,not out,0,1,14,0,0,0.00
162,Muhammad Waseem,c Trumpelmann b Shikongo,50,41,66,1,3,121.95
163,Vriitya Aravind †,c van Lingen b Scholtz,21,32,34,2,0,65.62
164,Chundangapoyil Rizwan (c),not out,43,29,55,3,1,148.27
165,Alishan Sharafu,c †Green b Wiese,4,4,10,0,0,100.00
166,Basil Hameed,not out,25,14,13,2,2,178.57
167,Michael van Lingen,c Sharafu b Basil Hameed,10,8,14,1,0,125.00
168,Stephan Baard,c Ahmed Raza b Junaid Siddique,4,6,9,1,0,66.66
169,Jan Nicol Loftie-Eaton,lbw b Basil Hameed,1,6,17,0,0,16.66
170,Gerhard Erasmus (c),b Meiyappan,16,18,23,2,0,88.88
171,Jan Frylinck,b Zahoor Khan,14,17,33,1,0,82.35
172,JJ Smit,run out (Meiyappan/Ahmed Raza),3,3,3,0,0,100.00
173,David Wiese,c Sharafu b Muhammad Waseem,55,36,65,3,3,152.77
174,Zane Green †,b Zahoor Khan,2,3,3,0,0,66.66
175,Ruben Trumpelmann,not out,25,24,43,1,1,104.16
176,Bernard Scholtz,not out,1,1,-,0,0,100.00
177,Kyle Mayers,c Tector b McCarthy,1,5,12,0,0,20.00
178,Johnson Charles,c Campher b Simi Singh,24,18,22,3,1,133.33
179,Evin Lewis,c Adair b Delany,13,18,42,0,0,72.22
180,Brandon King,not out,62,48,80,6,1,129.16
181,Nicholas Pooran (c)†,c Tector b Delany,13,11,16,0,1,118.18
182,Rovman Powell,c Tector b Delany,6,8,12,1,0,75.00
183,Odean Smith,not out,19,12,18,1,2,158.33
184,Paul Stirling,not out,66,48,79,6,2,137.50
185,Andy Balbirnie (c),c Mayers b Hosein,37,23,34,3,3,160.86
186,Lorcan Tucker †,not out,45,35,46,2,2,128.57
187,George Munsey,c Shumba b Ngarava,54,51,74,7,0,105.88
188,Michael Jones,c Sikandar Raza b Chatara,4,5,6,1,0,80.00
189,Matthew Cross †,c Madhevere b Ngarava,1,7,15,0,0,14.28
190,Richie Berrington (c),c Shumba b Sikandar Raza,13,15,24,0,0,86.66
191,Calum MacLeod,c Jongwe b Chatara,25,26,46,1,0,96.15
192,Michael Leask,b Muzarabani,12,9,11,2,0,133.33
193,Chris Greaves,not out,3,7,10,0,0,42.85
194,Josh Davey,not out,4,3,3,0,0,133.33
195,Regis Chakabva †,lbw b Wheal,4,3,3,1,0,133.33
196,Craig Ervine (c),c MacLeod b Watt,58,54,79,6,0,107.40
197,Wessly Madhevere,b Davey,0,5,8,0,0,0.00
198,Sean Williams,c Wheal b Leask,7,12,28,0,0,58.33
199,Sikandar Raza,c †Cross b Davey,40,23,34,3,2,173.91
200,Milton Shumba,not out,11,11,16,0,0,100.00
201,Ryan Burl,not out,9,5,7,1,0,180.00
202,Finn Allen,b Hazlewood,42,16,24,5,3,262.50
203,Devon Conway †,not out,92,58,106,7,2,158.62
204,Kane Williamson (c),lbw b Zampa,23,23,48,1,1,100.00
205,Glenn Phillips,c & b Hazlewood,12,10,16,2,0,120.00
206,James Neesham,not out,26,13,19,0,2,200.00
207,David Warner,b Southee,5,6,7,1,0,83.33
208,Aaron Finch (c),c Williamson b Santner,13,11,20,1,1,118.18
209,Mitchell Marsh,c Neesham b Southee,16,12,17,2,1,133.33
210,Glenn Maxwell,b Sodhi,28,20,47,3,1,140.00
211,Marcus Stoinis,c Phillips b Santner,7,14,16,0,0,50.00
212,Tim David,c Neesham b Santner,11,8,12,0,1,137.50
213,Matthew Wade †,c †Conway b Ferguson,2,4,10,0,0,50.00
214,Pat Cummins,c †Conway b Southee,21,18,27,2,1,116.66
215,Mitchell Starc,b Boult,4,7,13,0,0,57.14
216,Adam Zampa,b Boult,0,2,3,0,0,0.00
217,Josh Hazlewood,not out,1,1,6,0,0,100.00
218,Hazratullah Zazai,c Livingstone b Stokes,7,17,31,1,0,41.17
219,Rahmanullah Gurbaz †,c †Buttler b Wood,10,9,13,0,1,111.11
220,Ibrahim Zadran,c Ali b Curran,32,32,41,3,1,100.00
221,Usman Ghani,c Livingstone b Curran,30,30,60,3,0,100.00
222,Najibullah Zadran,c Rashid b Stokes,13,11,15,0,1,118.18
223,Mohammad Nabi (c),c †Buttler b Wood,3,5,7,0,0,60.00
224,Azmatullah Omarzai,c Stokes b Curran,8,6,11,1,0,133.33
225,Rashid Khan,c Hales b Curran,0,1,2,0,0,0.00
226,Mujeeb Ur Rahman,c & b Woakes,0,1,3,0,0,0.00
227,Fareed Ahmad,not out,2,4,7,0,0,50.00
228,Fazalhaq Farooqi,c Malan b Curran,0,2,3,0,0,0.00
229,Jos Buttler (c)†,c Mujeeb Ur Rahman b Fazalhaq Farooqi,18,18,25,3,0,100.00
230,Alex Hales,c Fazalhaq Farooqi b Fareed Ahmad,19,20,41,0,1,95.00
231,Dawid Malan,c Mohammad Nabi b Mujeeb Ur Rahman,18,30,40,0,0,60.00
232,Ben Stokes,b Mohammad Nabi,2,4,11,0,0,50.00
233,Liam Livingstone,not out,29,21,34,3,0,138.09
234,Harry Brook,c Ibrahim Zadran b Rashid Khan,7,6,9,0,0,116.66
235,Moeen Ali,not out,8,10,13,0,0,80.00
236,Paul Stirling,c Rajapaksa b DM de Silva,34,25,45,4,1,136.00
237,Andy Balbirnie (c),b Kumara,1,5,7,0,0,20.00
238,Lorcan Tucker †,b Theekshana,10,11,20,1,0,90.90
239,Harry Tector,c Shanaka b Fernando,45,42,59,2,1,107.14
240,Curtis Campher,c Asalanka b Karunaratne,2,4,6,0,0,50.00
241,George Dockrell,b Theekshana,14,16,25,0,0,87.50
242,Gareth Delany,c Karunaratne b PWH de Silva,9,6,10,1,0,150.00
243,Mark Adair,c Karunaratne b PWH de Silva,0,1,5,0,0,0.00
244,Simi Singh,not out,7,8,9,1,0,87.50
245,Barry McCarthy,not out,2,2,7,0,0,100.00
246,Kusal Mendis †,not out,68,43,68,5,3,158.13
247,Dhananjaya de Silva,c †Tucker b Delany,31,25,35,2,1,124.00
248,Charith Asalanka,not out,31,22,33,2,0,140.90
249,Mohammad Rizwan †,c Kumar b Arshdeep Singh,4,12,25,1,0,33.33
250,Babar Azam (c),lbw b Arshdeep Singh,0,1,10,0,0,0.00
251,Shan Masood,not out,52,42,101,5,0,123.80
252,Iftikhar Ahmed,lbw b Mohammed Shami,51,34,43,2,4,150.00
253,Shadab Khan,c Yadav b Pandya,5,6,6,1,0,83.33
254,Haider Ali,c Yadav b Pandya,2,4,6,0,0,50.00
255,Mohammad Nawaz,c †Karthik b Pandya,9,6,12,2,0,150.00
256,Asif Ali,c †Karthik b Arshdeep Singh,2,3,6,0,0,66.66
257,Shaheen Shah Afridi,c & b Kumar,16,8,17,1,1,200.00
258,Haris Rauf,not out,6,4,3,0,1,150.00
259,KL Rahul,b Naseem Shah,4,8,13,0,0,50.00
260,Rohit Sharma (c),c Iftikhar Ahmed b Haris Rauf,4,7,20,0,0,57.14
261,Virat Kohli,not out,82,53,98,6,4,154.71
262,Suryakumar Yadav,c †Mohammad Rizwan b Haris Rauf,15,10,11,2,0,150.00
263,Axar Patel,run out (Babar Azam/†Mohammad Rizwan),2,3,7,0,0,66.66
264,Hardik Pandya,c Babar Azam b Mohammad Nawaz,40,37,61,1,2,108.10
265,Dinesh Karthik †,st †Mohammad Rizwan b Mohammad Nawaz,1,2,10,0,0,50.00
266,Ravichandran Ashwin,not out,1,1,2,0,0,100.00
267,Najmul Hossain Shanto,c van Beek b Pringle,25,20,31,4,0,125.00
268,Soumya Sarkar,c de Leede b van Meekeren,14,14,24,2,0,100.00
269,Litton Das,c Cooper b van Beek,9,11,17,0,0,81.81
270,Shakib Al Hasan (c),c de Leede b Shariz Ahmad,7,9,14,0,0,77.77
271,Afif Hossain,c †Edwards b de Leede,38,27,47,2,2,140.74
272,Yasir Ali,b van Meekeren,3,5,9,0,0,60.00
273,Nurul Hasan †,c van Meekeren b de Leede,13,18,28,0,0,72.22
274,Mosaddek Hossain,not out,20,12,12,2,1,166.66
275,Taskin Ahmed,c van Beek b Klaassen,0,1,3,0,0,0.00
276,Hasan Mahmud,not out,0,3,6,0,0,0.00
277,Vikramjit Singh,c Yasir Ali b Taskin Ahmed,0,1,4,0,0,0.00
278,Max O'Dowd,run out (Afif Hossain/Shakib Al Hasan),8,8,21,0,1,100.00
279,Bas de Leede,c †Nurul Hasan b Taskin Ahmed,0,1,2,0,0,0.00
280,Colin Ackermann,c Mosaddek Hossain b Taskin Ahmed,62,48,77,6,2,129.16
281,Tom Cooper,run out (Najmul Hossain Shanto/†Nurul Hasan),0,0,2,0,0,-
282,Scott Edwards (c)†,c Hasan Mahmud b Shakib Al Hasan,16,24,33,1,0,66.66
283,Tim Pringle,b Hasan Mahmud,1,6,5,0,0,16.66
284,Logan van Beek,c Taskin Ahmed b Hasan Mahmud,2,5,9,0,0,40.00
285,Shariz Ahmad,c Hasan Mahmud b Taskin Ahmed,9,8,9,1,0,112.50
286,Fred Klaassen,not out,7,6,20,0,0,116.66
287,Paul van Meekeren,c Litton Das b Soumya Sarkar,24,14,16,3,1,171.42
288,Regis Chakabva †,c †de Kock b Ngidi,8,8,13,0,1,100.00
289,Craig Ervine (c),c Ngidi b Parnell,2,6,11,0,0,33.33
290,Sean Williams,run out (Miller),1,1,10,0,0,100.00
291,Sikandar Raza,c †de Kock b Ngidi,0,2,3,0,0,0.00
292,Wessly Madhevere,not out,35,18,37,4,1,194.44
293,Milton Shumba,c †de Kock b Nortje,18,20,32,2,0,90.00
294,Quinton de Kock †,not out,47,18,26,8,1,261.11
295,Temba Bavuma (c),not out,2,2,26,0,0,100.00
296,Pathum Nissanka,run out (Marsh/†Wade),40,45,65,2,0,88.88
297,Kusal Mendis †,c Marsh b Cummins,5,6,9,1,0,83.33
298,Dhananjaya de Silva,c Warner b Agar,26,23,47,3,0,113.04
299,Charith Asalanka,not out,38,25,45,3,2,152.00
300,Bhanuka Rajapaksa,c Cummins b Starc,7,5,9,1,0,140.00
301,Dasun Shanaka (c),c †Wade b Maxwell,3,5,6,0,0,60.00
302,Wanindu Hasaranga de Silva,c †Wade b Hazlewood,1,4,8,0,0,25.00
303,Chamika Karunaratne,not out,14,7,16,2,0,200.00
304,David Warner,c Shanaka b Theekshana,11,10,26,0,0,110.00
305,Aaron Finch (c),not out,31,42,89,0,1,73.80
306,Mitchell Marsh,c Rajapaksa b DM de Silva,17,17,20,1,1,100.00
307,Glenn Maxwell,c sub (KNA Bandara) b Karunaratne,23,12,21,2,2,191.66
308,Marcus Stoinis,not out,59,18,22,4,6,327.77
309,Paul Stirling,c Curran b Wood,14,8,16,1,1,175.00
310,Andy Balbirnie (c),c Hales b Livingstone,62,47,74,5,2,131.91
311,Lorcan Tucker †,run out (Rashid),34,27,42,3,1,125.92
312,Harry Tector,c †Buttler b Wood,0,2,3,0,0,0.00
313,Curtis Campher,c †Buttler b Wood,18,11,22,3,0,163.63
314,George Dockrell,b Livingstone,0,1,2,0,0,0.00
315,Gareth Delany,not out,12,10,22,1,0,120.00
316,Mark Adair,c Curran b Livingstone,4,4,8,0,0,100.00
317,Barry McCarthy,b Curran,3,3,4,0,0,100.00
318,Fionn Hand,b Curran,1,2,4,0,0,50.00
319,Josh Little,c †Buttler b Stokes,0,1,3,0,0,0.00
320,Jos Buttler (c)†,c †Tucker b Little,0,2,3,0,0,0.00
321,Alex Hales,c Adair b Little,7,5,14,1,0,140.00
322,Dawid Malan,c Hand b McCarthy,35,37,66,2,0,94.59
323,Ben Stokes,b Hand,6,8,14,0,0,75.00
324,Harry Brook,c Delany b Dockrell,18,21,30,1,0,85.71
325,Moeen Ali,not out,24,12,18,3,1,200.00
326,Liam Livingstone,not out,1,2,7,0,0,50.00
327,Temba Bavuma (c),c †Nurul Hasan b Taskin Ahmed,2,6,6,0,0,33.33
328,Quinton de Kock †,c Soumya Sarkar b Afif Hossain,63,38,77,7,3,165.78
329,Rilee Rossouw,c Litton Das b Shakib Al Hasan,109,56,90,7,8,194.64
330,Tristan Stubbs,c Litton Das b Shakib Al Hasan,7,7,9,1,0,100.00
331,Aiden Markram,c Soumya Sarkar b Hasan Mahmud,10,11,16,1,0,90.90
332,David Miller,not out,2,4,8,0,0,50.00
333,Wayne Parnell,not out,0,2,2,0,0,0.00
334,Najmul Hossain Shanto,b Nortje,9,9,15,1,0,100.00
335,Soumya Sarkar,c †de Kock b Nortje,15,6,11,0,2,250.00
336,Litton Das,c Stubbs b Shamsi,34,31,57,1,1,109.67
337,Shakib Al Hasan (c),lbw b Nortje,1,4,11,0,0,25.00
338,Afif Hossain,c Parnell b Rabada,1,5,8,0,0,20.00
339,Mehidy Hasan Miraz,c Markram b Shamsi,11,13,17,0,0,84.61
340,Mosaddek Hossain,st †de Kock b Maharaj,0,3,4,0,0,0.00
341,Nurul Hasan †,c Nortje b Shamsi,2,6,7,0,0,33.33
342,Taskin Ahmed,b Nortje,10,17,22,1,0,58.82
343,Hasan Mahmud,run out (Rabada),0,2,7,0,0,0.00
344,Mustafizur Rahman,not out,9,3,8,0,1,300.00
345,KL Rahul,lbw b van Meekeren,9,12,12,1,0,75.00
346,Rohit Sharma (c),c Ackermann b Klaassen,53,39,53,4,3,135.89
347,Virat Kohli,not out,62,44,79,3,2,140.90
348,Suryakumar Yadav,not out,51,25,38,7,1,204.00
349,Vikramjit Singh,b Kumar,1,9,13,0,0,11.11
350,Max O'Dowd,b Patel,16,10,22,3,0,160.00
351,Bas de Leede,c Pandya b Patel,16,23,27,0,0,69.56
352,Colin Ackermann,c Patel b Ashwin,17,21,31,1,0,80.95
353,Tom Cooper,c sub (DJ Hooda) b Ashwin,9,12,12,0,0,75.00
354,Scott Edwards (c)†,c sub (DJ Hooda) b Kumar,5,8,21,0,0,62.50
355,Tim Pringle,c Kohli b Mohammed Shami,20,15,14,1,1,133.33
356,Logan van Beek,c †Karthik b Arshdeep Singh,3,5,11,0,0,60.00
357,Shariz Ahmad,not out,16,11,18,2,0,145.45
358,Fred Klaassen,lbw b Arshdeep Singh,0,1,3,0,0,0.00
359,Paul van Meekeren,not out,14,6,9,3,0,233.33
360,Wessly Madhevere,lbw b Mohammad Wasim,17,13,30,3,0,130.76
361,Craig Ervine (c),c Mohammad Wasim b Haris Rauf,19,19,26,2,0,100.00
362,Milton Shumba,c & b Shadab Khan,8,10,22,1,0,80.00
363,Sean Williams,b Shadab Khan,31,28,37,3,0,110.71
364,Sikandar Raza,c Haris Rauf b Mohammad Wasim,9,16,22,1,0,56.25
365,Regis Chakabva †,c Babar Azam b Shadab Khan,0,1,2,0,0,0.00
366,Ryan Burl,not out,10,15,30,0,0,66.66
367,Luke Jongwe,b Mohammad Wasim,0,1,2,0,0,0.00
368,Brad Evans,b Mohammad Wasim,19,15,24,0,1,126.66
369,Richard Ngarava,not out,3,2,3,0,0,150.00
370,Mohammad Rizwan †,b Muzarabani,14,16,23,1,1,87.50
371,Babar Azam (c),c Burl b Evans,4,9,17,1,0,44.44
372,Shan Masood,st †Chakabva b Sikandar Raza,44,38,61,3,0,115.78
373,Iftikhar Ahmed,c †Chakabva b Jongwe,5,10,16,1,0,50.00
374,Shadab Khan,c Williams b Sikandar Raza,17,14,27,0,1,121.42
375,Haider Ali,lbw b Sikandar Raza,0,1,3,0,0,0.00
376,Mohammad Nawaz,c Ervine b Evans,22,18,36,1,1,122.22
377,Mohammad Wasim,not out,12,13,29,2,0,92.30
378,Shaheen Shah Afridi,run out (Sikandar Raza/†Chakabva),1,1,3,0,0,100.00
379,Finn Allen,b Theekshana,1,3,3,0,0,33.33
380,Devon Conway †,b DM de Silva,1,4,14,0,0,25.00
381,Kane Williamson (c),c †Mendis b Rajitha,8,13,18,1,0,61.53
382,Glenn Phillips,c Shanaka b Kumara,104,64,87,10,4,162.50
383,Daryl Mitchell,b PWH de Silva,22,24,52,0,0,91.66
384,James Neesham,c Shanaka b Rajitha,5,8,15,0,0,62.50
385,Mitchell Santner,not out,11,5,17,0,1,220.00
386,Ish Sodhi,run out (sub [KNA Bandara]/†Mendis),1,1,3,0,0,100.00
387,Tim Southee,not out,4,1,1,1,0,400.00
388,Pathum Nissanka,lbw b Southee,0,5,5,0,0,0.00
389,Kusal Mendis †,c †Conway b Boult,4,3,9,1,0,133.33
390,Dhananjaya de Silva,b Boult,0,3,8,0,0,0.00
391,Charith Asalanka,c Allen b Boult,4,8,11,0,0,50.00
392,Bhanuka Rajapaksa,c Williamson b Ferguson,34,22,38,3,2,154.54
393,Chamika Karunaratne,c Boult b Santner,3,8,13,0,0,37.50
394,Dasun Shanaka (c),c Mitchell b Boult,35,32,49,4,1,109.37
395,Wanindu Hasaranga de Silva,c Williamson b Sodhi,4,6,6,1,0,66.66
396,Maheesh Theekshana,c Neesham b Santner,0,3,5,0,0,0.00
397,Kasun Rajitha,not out,8,21,30,0,0,38.09
398,Lahiru Kumara,st †Conway b Sodhi,4,5,10,1,0,80.00
399,Najmul Hossain Shanto,c Ervine b Sikandar Raza,71,55,77,7,1,129.09
400,Soumya Sarkar,c †Chakabva b Muzarabani,0,2,9,0,0,0.00
401,Litton Das,c Chatara b Muzarabani,14,12,22,3,0,116.66
402,Shakib Al Hasan (c),c Muzarabani b Williams,23,20,32,1,0,115.00
403,Afif Hossain,lbw b Ngarava,29,19,40,1,1,152.63
404,Mosaddek Hossain,c Chatara b Ngarava,7,10,18,0,0,70.00
405,Nurul Hasan †,run out (Williams/†Chakabva),1,1,5,0,0,100.00
406,Yasir Ali,not out,1,1,3,0,0,100.00
407,Wessly Madhevere,c Mustafizur Rahman b Taskin Ahmed,4,3,1,1,0,133.33
408,Craig Ervine (c),c †Nurul Hasan b Taskin Ahmed,8,7,16,2,0,114.28
409,Milton Shumba,c Shakib Al Hasan b Mustafizur Rahman,8,15,24,1,0,53.33
410,Sean Williams,run out (Shakib Al Hasan),64,42,75,8,0,152.38
411,Sikandar Raza,c Afif Hossain b Mustafizur Rahman,0,3,4,0,0,0.00
412,Regis Chakabva †,c †Nurul Hasan b Taskin Ahmed,15,19,24,0,0,78.94
413,Ryan Burl,not out,27,25,50,2,1,108.00
414,Brad Evans,c Afif Hossain b Mosaddek Hossain,2,2,5,0,0,100.00
415,Richard Ngarava,st †Nurul Hasan b Mosaddek Hossain,6,3,6,0,1,200.00
416,Blessing Muzarabani,not out,0,2,6,0,0,0.00
417,Stephan Myburgh,c Mohammad Wasim b Shaheen Shah Afridi,6,11,13,1,0,54.54
418,Max O'Dowd,lbw b Shadab Khan,8,13,41,0,0,61.53
419,Bas de Leede,retired hurt,6,16,15,1,0,37.50
420,Tom Cooper,c Mohammad Wasim b Shadab Khan,1,2,4,0,0,50.00
421,Colin Ackermann,lbw b Shadab Khan,27,27,40,2,0,100.00
422,Scott Edwards (c)†,c Iftikhar Ahmed b Naseem Shah,15,20,38,1,0,75.00
423,Roelof van der Merwe,b Haris Rauf,5,6,12,0,0,83.33
424,Tim Pringle,b Mohammad Wasim,5,8,15,0,0,62.50
425,Logan van Beek,not out,6,9,18,0,0,66.66
426,Fred Klaassen,b Mohammad Wasim,0,1,1,0,0,0.00
427,Paul van Meekeren,run out (Shadab Khan/†Mohammad Rizwan),7,7,8,0,0,100.00
428,Mohammad Rizwan †,c †Edwards b van Meekeren,49,39,66,5,0,125.64
429,Babar Azam (c),run out (van der Merwe),4,5,10,1,0,80.00
430,Fakhar Zaman,c †Edwards b Glover,20,16,27,3,0,125.00
431,Shan Masood,c van Meekeren b Glover,12,16,35,0,0,75.00
432,Iftikhar Ahmed,not out,6,5,10,0,0,120.00
433,Shadab Khan,not out,4,2,2,1,0,200.00
434,KL Rahul,c Markram b Ngidi,9,14,25,0,1,64.28
435,Rohit Sharma (c),c & b Ngidi,15,14,22,1,1,107.14
436,Virat Kohli,c Rabada b Ngidi,12,11,13,2,0,109.09
437,Suryakumar Yadav,c Maharaj b Parnell,68,40,68,6,3,170.00
438,Deepak Hooda,c †de Kock b Nortje,0,3,4,0,0,0.00
439,Hardik Pandya,c Rabada b Ngidi,2,3,6,0,0,66.66
440,Dinesh Karthik †,c Rossouw b Parnell,6,15,33,0,0,40.00
441,Ravichandran Ashwin,c Rabada b Parnell,7,11,15,0,0,63.63
442,Bhuvneshwar Kumar,not out,4,6,9,0,0,66.66
443,Mohammed Shami,run out (Nortje),0,2,5,0,0,0.00
444,Arshdeep Singh,not out,2,1,2,0,0,200.00
445,Quinton de Kock †,c Rahul b Arshdeep Singh,1,3,7,0,0,33.33
446,Temba Bavuma (c),c †Karthik b Mohammed Shami,10,15,30,0,1,66.66
447,Rilee Rossouw,lbw b Arshdeep Singh,0,2,4,0,0,0.00
448,Aiden Markram,c Yadav b Pandya,52,41,72,6,1,126.82
449,David Miller,not out,59,46,78,4,3,128.26
450,Tristan Stubbs,lbw b Ashwin,6,6,15,1,0,100.00
451,Wayne Parnell,not out,2,5,11,0,0,40.00
452,David Warner,c Adair b McCarthy,3,7,13,0,0,42.85
453,Aaron Finch (c),c Adair b McCarthy,63,44,87,5,3,143.18
454,Mitchell Marsh,c †Tucker b McCarthy,28,22,28,2,2,127.27
455,Glenn Maxwell,c †Tucker b Little,13,9,18,0,1,144.44
456,Marcus Stoinis,c Dockrell b Little,35,25,41,3,1,140.00
457,Tim David,not out,15,10,15,2,0,150.00
458,Matthew Wade †,not out,7,3,7,1,0,233.33
459,Paul Stirling,c Cummins b Maxwell,11,7,11,1,1,157.14
460,Andy Balbirnie (c),b Cummins,6,7,11,0,1,85.71
461,Lorcan Tucker †,not out,71,48,81,9,1,147.91
462,Harry Tector,c sub (SPD Smith) b Maxwell,6,4,3,1,0,150.00
463,Curtis Campher,b Starc,0,1,5,0,0,0.00
464,George Dockrell,b Starc,0,4,4,0,0,0.00
465,Gareth Delany,c Maxwell b Stoinis,14,10,27,2,0,140.00
466,Mark Adair,st †Wade b Zampa,11,11,13,1,0,100.00
467,Fionn Hand,b Zampa,6,6,10,1,0,100.00
468,Barry McCarthy,c sub (SPD Smith) b Cummins,3,7,16,0,0,42.85
469,Josh Little,run out (Marsh/Maxwell),1,5,6,0,0,20.00
470,Rahmanullah Gurbaz †,b Kumara,28,24,33,2,2,116.66
471,Usman Ghani,c Shanaka b PWH de Silva,27,27,54,2,1,100.00
472,Ibrahim Zadran,c Rajapaksa b Kumara,22,18,35,1,1,122.22
473,Najibullah Zadran,c PWH de Silva b DM de Silva,18,16,29,1,0,112.50
474,Gulbadin Naib,run out (Nissanka/†Mendis),12,14,25,0,0,85.71
475,Mohammad Nabi (c),c Shanaka b Rajitha,13,8,15,1,0,162.50
476,Rashid Khan,b PWH de Silva,9,8,10,1,0,112.50
477,Azmatullah Omarzai,not out,3,4,3,0,0,75.00
478,Mujeeb Ur Rahman,st †Mendis b PWH de Silva,1,2,1,0,0,50.00
479,Pathum Nissanka,b Mujeeb Ur Rahman,10,10,10,2,0,100.00
480,Kusal Mendis †,c †Rahmanullah Gurbaz b Rashid Khan,25,27,33,2,1,92.59
481,Dhananjaya de Silva,not out,66,42,78,6,2,157.14
482,Charith Asalanka,c Azmatullah Omarzai b Rashid Khan,19,18,27,1,0,105.55
483,Bhanuka Rajapaksa,c †Rahmanullah Gurbaz b Mujeeb Ur Rahman,18,14,24,3,0,128.57
484,Dasun Shanaka (c),not out,0,0,4,0,0,-
485,Jos Buttler (c)†,run out (Williamson/Southee),73,47,82,7,2,155.31
486,Alex Hales,st †Conway b Santner,52,40,46,7,1,130.00
487,Moeen Ali,c Boult b Sodhi,5,6,13,0,0,83.33
488,Liam Livingstone,b Ferguson,20,14,20,1,1,142.85
489,Harry Brook,c Allen b Southee,7,3,6,0,1,233.33
490,Ben Stokes,lbw b Ferguson,8,7,11,0,0,114.28
491,Sam Curran,not out,6,3,7,0,1,200.00
492,Dawid Malan,not out,3,1,1,0,0,300.00
493,Finn Allen,c Stokes b Curran,16,11,25,0,1,145.45
494,Devon Conway †,c †Buttler b Woakes,3,9,12,0,0,33.33
495,Kane Williamson (c),c Rashid b Stokes,40,40,57,3,0,100.00
496,Glenn Phillips,c sub (CJ Jordan) b Curran,62,36,64,4,3,172.22
497,James Neesham,c Curran b Wood,6,3,7,1,0,200.00
498,Daryl Mitchell,c sub (CJ Jordan) b Woakes,3,5,10,0,0,60.00
499,Mitchell Santner,not out,16,10,19,0,1,160.00
500,Ish Sodhi,not out,6,6,4,0,0,100.00
501,Wessly Madhevere,b van Meekeren,1,5,9,0,0,20.00
502,Craig Ervine (c),c †Edwards b Glover,3,12,18,0,0,25.00
503,Regis Chakabva †,lbw b Glover,5,16,18,1,0,31.25
504,Sean Williams,c O'Dowd b van Meekeren,28,23,39,3,0,121.73
505,Sikandar Raza,c Klaassen b de Leede,40,24,46,3,3,166.66
506,Milton Shumba,c Myburgh b van Beek,2,3,6,0,0,66.66
507,Ryan Burl,b van Meekeren,2,7,19,0,0,28.57
508,Luke Jongwe,c van Beek b de Leede,6,8,12,0,0,75.00
509,Richard Ngarava,c Myburgh b Klaassen,9,7,12,0,1,128.57
510,Tendai Chatara,not out,6,7,15,0,0,85.71
511,Blessing Muzarabani,c Glover b van Beek,1,4,9,0,0,25.00
512,Stephan Myburgh,c Burl b Muzarabani,8,7,15,0,1,114.28
513,Max O'Dowd,c Shumba b Muzarabani,52,47,70,8,1,110.63
514,Tom Cooper,c Madhevere b Jongwe,32,29,42,2,1,110.34
515,Colin Ackermann,c Jongwe b Ngarava,1,5,6,0,0,20.00
516,Bas de Leede,not out,12,12,21,2,0,100.00
517,Scott Edwards (c)†,c †Chakabva b Ngarava,5,6,8,1,0,83.33
518,Roelof van der Merwe,not out,0,3,6,0,0,0.00
519,KL Rahul,c Mustafizur Rahman b Shakib Al Hasan,50,32,49,3,4,156.25
520,Rohit Sharma (c),c Yasir Ali b Hasan Mahmud,2,8,18,0,0,25.00
521,Virat Kohli,not out,64,44,84,8,1,145.45
522,Suryakumar Yadav,b Shakib Al Hasan,30,16,18,4,0,187.50
523,Hardik Pandya,c Yasir Ali b Hasan Mahmud,5,6,8,0,0,83.33
524,Dinesh Karthik †,run out (Shakib Al Hasan/Shoriful Islam),7,5,12,1,0,140.00
525,Axar Patel,c Shakib Al Hasan b Hasan Mahmud,7,6,6,1,0,116.66
526,Ravichandran Ashwin,not out,13,6,9,1,1,216.66
527,Najmul Hossain Shanto,c Yadav b Mohammed Shami,21,25,50,1,1,84.00
528,Litton Das,run out (Rahul),60,27,40,7,3,222.22
529,Shakib Al Hasan (c),c sub (DJ Hooda) b Arshdeep Singh,13,12,24,2,0,108.33
530,Afif Hossain,c Yadav b Arshdeep Singh,3,5,12,0,0,60.00
531,Yasir Ali,c Arshdeep Singh b Pandya,1,3,8,0,0,33.33
532,Nurul Hasan †,not out,25,14,29,2,1,178.57
533,Mosaddek Hossain,b Pandya,6,3,4,0,1,200.00
534,Taskin Ahmed,not out,12,7,22,1,1,171.42
535,Mohammad Rizwan †,b Parnell,4,4,4,1,0,100.00
536,Babar Azam (c),c Rabada b Ngidi,6,15,29,0,0,40.00
537,Mohammad Haris,lbw b Nortje,28,11,19,2,3,254.54
538,Shan Masood,c Bavuma b Nortje,2,6,11,0,0,33.33
539,Iftikhar Ahmed,c Rossouw b Rabada,51,35,73,3,2,145.71
540,Mohammad Nawaz,lbw b Shamsi,28,22,32,4,1,127.27
541,Shadab Khan,c Stubbs b Nortje,52,22,31,3,4,236.36
542,Mohammad Wasim,c Bavuma b Nortje,0,1,1,0,0,0.00
543,Naseem Shah,not out,5,3,3,0,0,166.66
544,Haris Rauf,run out (Klaasen/Bavuma),3,2,2,0,0,150.00
545,Temba Bavuma (c),c †Mohammad Rizwan b Shadab Khan,36,19,39,4,1,189.47
546,Quinton de Kock †,c Mohammad Haris b Shaheen Shah Afridi,0,5,6,0,0,0.00
547,Rilee Rossouw,c Naseem Shah b Shaheen Shah Afridi,7,6,10,0,1,116.66
548,Aiden Markram,b Shadab Khan,20,14,28,4,0,142.85
549,Heinrich Klaasen,c Mohammad Wasim b Shaheen Shah Afridi,15,9,18,3,0,166.66
550,Tristan Stubbs,c Mohammad Nawaz b Naseem Shah,18,18,28,0,1,100.00
551,Wayne Parnell,lbw b Mohammad Wasim,3,4,9,0,0,75.00
552,Kagiso Rabada,run out (Mohammad Nawaz/Haris Rauf),1,2,11,0,0,50.00
553,Anrich Nortje,c Mohammad Haris b Haris Rauf,1,5,8,0,0,20.00
554,Lungi Ngidi,not out,4,1,5,1,0,400.00
555,Tabraiz Shamsi,not out,1,1,3,0,0,100.00
556,Finn Allen,c Hand b Adair,32,18,30,5,1,177.77
557,Devon Conway †,c Adair b Delany,28,33,55,2,0,84.84
558,Kane Williamson (c),c Delany b Little,61,35,59,5,3,174.28
559,Glenn Phillips,c Dockrell b Delany,17,9,9,2,1,188.88
560,Daryl Mitchell,not out,31,21,35,2,0,147.61
561,James Neesham,lbw b Little,0,1,3,0,0,0.00
562,Mitchell Santner,lbw b Little,0,1,2,0,0,0.00
563,Tim Southee,not out,1,2,7,0,0,50.00
564,Paul Stirling,b Sodhi,37,27,39,3,1,137.03
565,Andy Balbirnie (c),b Santner,30,25,36,0,3,120.00
566,Lorcan Tucker †,c Allen b Sodhi,13,14,30,0,0,92.85
567,Harry Tector,c Southee b Santner,2,7,4,0,0,28.57
568,Gareth Delany,c †Conway b Ferguson,10,8,12,2,0,125.00
569,George Dockrell,c Williamson b Ferguson,23,15,24,3,0,153.33
570,Curtis Campher,c Allen b Southee,7,7,10,1,0,100.00
571,Fionn Hand,c & b Ferguson,5,3,7,1,0,166.66
572,Mark Adair,c Phillips b Southee,4,5,9,0,0,80.00
573,Barry McCarthy,not out,6,5,10,0,0,120.00
574,Josh Little,not out,8,4,3,0,1,200.00
575,David Warner,b Naveen-ul-Haq,25,18,28,5,0,138.88
576,Cameron Green,c Gulbadin Naib b Fazalhaq Farooqi,3,2,12,0,0,150.00
577,Mitchell Marsh,c †Rahmanullah Gurbaz b Mujeeb Ur Rahman,45,30,42,3,2,150.00
578,Steven Smith,lbw b Naveen-ul-Haq,4,4,6,1,0,100.00
579,Marcus Stoinis,c Usman Ghani b Rashid Khan,25,21,41,0,2,119.04
580,Glenn Maxwell,not out,54,32,46,6,2,168.75
581,Matthew Wade (c)†,b Fazalhaq Farooqi,6,8,14,1,0,75.00
582,Pat Cummins,c Rashid Khan b Naveen-ul-Haq,0,2,4,0,0,0.00
583,Kane Richardson,run out (Naveen-ul-Haq),1,1,6,0,0,100.00
584,Adam Zampa,not out,1,1,5,0,0,100.00
585,Rahmanullah Gurbaz †,c Warner b Richardson,30,17,31,2,2,176.47
586,Usman Ghani,c Cummins b Hazlewood,2,7,16,0,0,28.57
587,Ibrahim Zadran,c Marsh b Zampa,26,33,55,2,0,78.78
588,Gulbadin Naib,run out (Maxwell),39,23,38,3,2,169.56
589,Mohammad Nabi (c),c Warner b Hazlewood,1,2,10,0,0,50.00
590,Najibullah Zadran,c Maxwell b Zampa,0,2,3,0,0,0.00
591,Darwish Rasooli,run out (†Wade/Stoinis),15,13,28,1,0,115.38
592,Rashid Khan,not out,48,23,27,3,4,208.69
593,Naveen-ul-Haq,not out,0,0,4,0,0,-
594,Pathum Nissanka,c sub (CJ Jordan) b Rashid,67,45,70,2,5,148.88
595,Kusal Mendis †,c Livingstone b Woakes,18,14,21,1,1,128.57
596,Dhananjaya de Silva,c Stokes b Curran,9,11,17,0,0,81.81
597,Charith Asalanka,c Malan b Stokes,8,9,15,0,0,88.88
598,Bhanuka Rajapaksa,c Curran b Wood,22,22,41,3,0,100.00
599,Dasun Shanaka (c),c †Buttler b Wood,3,8,12,0,0,37.50
600,Wanindu Hasaranga de Silva,run out (†Buttler/Wood),9,9,13,1,0,100.00
601,Chamika Karunaratne,c Hales b Wood,0,2,3,0,0,0.00
602,Maheesh Theekshana,not out,0,0,2,0,0,-
603,Jos Buttler (c)†,c Karunaratne b PWH de Silva,28,23,35,2,1,121.73
604,Alex Hales,c & b PWH de Silva,47,30,42,7,1,156.66
605,Ben Stokes,not out,42,36,59,2,0,116.66
606,Harry Brook,c & b DM de Silva,4,5,9,0,0,80.00
607,Liam Livingstone,c DM de Silva b Kumara,4,6,10,0,0,66.66
608,Moeen Ali,c Shanaka b DM de Silva,1,5,8,0,0,20.00
609,Sam Curran,c Rajitha b Kumara,6,11,16,0,0,54.54
610,Chris Woakes,not out,5,3,11,1,0,166.66
611,Stephan Myburgh,c Rossouw b Markram,37,30,41,7,0,123.33
612,Max O'Dowd,c Rabada b Maharaj,29,31,61,1,1,93.54
613,Tom Cooper,c †de Kock b Maharaj,35,19,30,2,2,184.21
614,Colin Ackermann,not out,41,26,31,3,2,157.69
615,Bas de Leede,b Nortje,1,7,11,0,0,14.28
616,Scott Edwards (c)†,not out,12,7,11,2,0,171.42
617,Quinton de Kock †,c †Edwards b Klaassen,13,13,12,1,1,100.00
618,Temba Bavuma (c),b van Meekeren,20,20,26,2,0,100.00
619,Rilee Rossouw,c O'Dowd b Glover,25,19,29,2,0,131.57
620,Aiden Markram,c Myburgh b Klaassen,17,13,30,2,0,130.76
621,David Miller,c van der Merwe b Glover,17,17,28,1,0,100.00
622,Heinrich Klaasen,c van Beek b de Leede,21,18,27,0,1,116.66
623,Wayne Parnell,c †Edwards b Glover,0,2,3,0,0,0.00
624,Keshav Maharaj,c O'Dowd b de Leede,13,12,20,0,1,108.33
625,Kagiso Rabada,not out,9,8,13,0,0,112.50
626,Anrich Nortje,not out,4,1,2,1,0,400.00
627,Najmul Hossain Shanto,b Iftikhar Ahmed,54,48,66,7,0,112.50
628,Litton Das,c Shan Masood b Shaheen Shah Afridi,10,8,15,0,1,125.00
629,Soumya Sarkar,c Shan Masood b Shadab Khan,20,17,38,1,1,117.64
630,Shakib Al Hasan (c),lbw b Shadab Khan,0,1,4,0,0,0.00
631,Afif Hossain,not out,24,20,47,3,0,120.00
632,Mosaddek Hossain,b Shaheen Shah Afridi,5,11,17,0,0,45.45
633,Nurul Hasan †,c Mohammad Haris b Shaheen Shah Afridi,0,3,4,0,0,0.00
634,Taskin Ahmed,c Babar Azam b Shaheen Shah Afridi,1,5,8,0,0,20.00
635,Nasum Ahmed,c Mohammad Wasim b Haris Rauf,7,6,9,1,0,116.66
636,Mustafizur Rahman,not out,0,1,1,0,0,0.00
637,Mohammad Rizwan †,c Najmul Hossain Shanto b Ebadot Hossain,32,32,51,2,1,100.00
638,Babar Azam (c),c Mustafizur Rahman b Nasum Ahmed,25,33,46,2,0,75.75
639,Mohammad Nawaz,run out (Litton Das),4,11,27,0,0,36.36
640,Mohammad Haris,c Nasum Ahmed b Shakib Al Hasan,31,18,31,1,2,172.22
641,Shan Masood,not out,24,14,20,2,0,171.42
642,Iftikhar Ahmed,c Najmul Hossain Shanto b Mustafizur Rahman,1,3,8,0,0,33.33
643,Shadab Khan,not out,0,0,2,0,0,-
644,KL Rahul,c Masakadza b Sikandar Raza,51,35,59,3,3,145.71
645,Rohit Sharma (c),c Masakadza b Muzarabani,15,13,20,2,0,115.38
646,Virat Kohli,c Burl b Williams,26,25,36,2,0,104.00
647,Suryakumar Yadav,not out,61,25,44,6,4,244.00
648,Rishabh Pant †,c Burl b Williams,3,5,7,0,0,60.00
649,Hardik Pandya,c Muzarabani b Ngarava,18,18,29,2,0,100.00
650,Axar Patel,not out,0,0,6,0,0,-
651,Wessly Madhevere,c Kohli b Kumar,0,1,1,0,0,0.00
652,Craig Ervine (c),c & b Pandya,13,15,37,2,0,86.66
653,Regis Chakabva †,b Arshdeep Singh,0,6,9,0,0,0.00
654,Sean Williams,c Kumar b Mohammed Shami,11,18,22,0,1,61.11
655,Sikandar Raza,c Yadav b Pandya,34,24,53,3,0,141.66
656,Tony Munyonga,lbw b Mohammed Shami,5,4,6,1,0,125.00
657,Ryan Burl,b Ashwin,35,22,27,5,1,159.09
658,Wellington Masakadza,c Sharma b Ashwin,1,7,8,0,0,14.28
659,Richard Ngarava,b Ashwin,1,2,4,0,0,50.00
660,Tendai Chatara,c & b Patel,4,4,11,1,0,100.00
661,Blessing Muzarabani,not out,0,2,5,0,0,0.00
662,Finn Allen,lbw b Shaheen Shah Afridi,4,3,6,1,0,133.33
663,Devon Conway †,run out (Shadab Khan),21,20,35,3,0,105.00
664,Kane Williamson (c),b Shaheen Shah Afridi,46,42,81,1,1,109.52
665,Glenn Phillips,c & b Mohammad Nawaz,6,8,9,1,0,75.00
666,Daryl Mitchell,not out,53,35,60,3,1,151.42
667,James Neesham,not out,16,12,19,1,0,133.33
668,Mohammad Rizwan †,c Phillips b Boult,57,43,77,5,0,132.55
669,Babar Azam (c),c Mitchell b Boult,53,42,56,7,0,126.19
670,Mohammad Haris,c Allen b Santner,30,26,32,2,1,115.38
671,Shan Masood,not out,3,4,13,0,0,75.00
672,Iftikhar Ahmed,not out,0,0,3,0,0,-
673,KL Rahul,c †Buttler b Woakes,5,5,8,1,0,100.00
674,Rohit Sharma (c),c Curran b Jordan,27,28,37,4,0,96.42
675,Virat Kohli,c Rashid b Jordan,50,40,75,4,1,125.00
676,Suryakumar Yadav,c Salt b Rashid,14,10,14,1,1,140.00
677,Hardik Pandya,hit wicket b Jordan,63,33,47,4,5,190.90
678,Rishabh Pant †,run out (†Buttler/Jordan),6,4,13,1,0,150.00
679,Ravichandran Ashwin,not out,0,0,4,0,0,-
680,Jos Buttler (c)†,not out,80,49,74,9,3,163.26
681,Alex Hales,not out,86,47,74,4,7,182.97
682,Mohammad Rizwan †,b Curran,15,14,24,0,1,107.14
683,Babar Azam (c),c & b Rashid,32,28,58,2,0,114.28
684,Mohammad Haris,c Stokes b Rashid,8,12,15,1,0,66.66
685,Shan Masood,c Livingstone b Curran,38,28,46,2,1,135.71
686,Iftikhar Ahmed,c †Buttler b Stokes,0,6,8,0,0,0.00
687,Shadab Khan,c Woakes b Jordan,20,14,26,2,0,142.85
688,Mohammad Nawaz,c Livingstone b Curran,5,7,11,0,0,71.42
689,Mohammad Wasim,c Livingstone b Jordan,4,8,12,0,0,50.00
690,Shaheen Shah Afridi,not out,5,3,8,1,0,166.66
691,Haris Rauf,not out,1,1,3,0,0,100.00
692,Jos Buttler (c)†,c †Mohammad Rizwan b Haris Rauf,26,17,33,3,1,152.94
693,Alex Hales,b Shaheen Shah Afridi,1,2,6,0,0,50.00
694,Phil Salt,c Iftikhar Ahmed b Haris Rauf,10,9,16,2,0,111.11
695,Ben Stokes,not out,52,49,81,5,1,106.12
696,Harry Brook,c Shaheen Shah Afridi b Shadab Khan,20,23,36,1,0,86.95
697,Moeen Ali,b Mohammad Wasim,19,13,30,3,0,146.15
698,Liam Livingstone,not out,1,1,3,0,0,100.00
